<?xml version="1.0" encoding="UTF-8" ?>
<!DOCTYPE configuration
  PUBLIC "-//mybatis.org//DTD Config 3.0//EN"
  "https://mybatis.org/dtd/mybatis-3-config.dtd">

<configuration>
	<typeAliases>
		<typeAlias alias="hashMap" type="java.util.HashMap" />
		<typeAlias alias="map" type="java.util.Map" />
		<typeAlias alias="list" type="java.util.List" />
		<typeAlias alias="UserDTO" type="kr.co.dong.DTO.UserDTO" />
		<typeAlias alias="ShopInfoVO"
			type="kr.co.dong.VO.ShopInfoVO" />
		<typeAlias alias="BuyVO" type="kr.co.dong.VO.BuyVO" />
		<typeAlias alias="CartVO" type="kr.co.dong.VO.CartVO" />
	</typeAliases>
</configuration>