<?xml version="1.0" encoding="UTF-8"?>
<!DOCTYPE mapper
  PUBLIC "-//mybatis.org//DTD Mapper 3.0//EN"
  "https://mybatis.org/dtd/mybatis-3-mapper.dtd">
	<mapper namespace="kr.co.dong.qnamapper">
	<select id="qnalist" resultType="kr.co.dong.DTO.QnaDTO">
		select qa_no,qa_title,qa_content,qa_todaydate,qa_etc from qna
	</select>
	<insert id="qnainsert" parameterType="kr.co.dong.DTO.QnaDTO">
		insert into qna (qa_title,qa_content,qa_todaydate,qa_etc,user_id)
		values (#{qa_title},#{qa_content},now(),#{qa_etc},#{user_id})
	</insert>
	<select id="qnadetail" parameterType="int" resultType="kr.co.dong.DTO.QnaDTO">
		select qa_no,qa_title,qa_content,qa_etc,user_id from qna
		where qa_no=#{qa_no}
	</select>
	<update id="qnaupdate" parameterType="kr.co.dong.DTO.QnaDTO">
		update qna set qa_title=#{qa_title},qa_content=#{qa_content}
		where qa_no=#{qa_no}
	</update>
	<delete id="qnadelete" parameterType="kr.co.dong.DTO.QnaDTO">
		delete from qna
		where qa_no=#{qa_no}
	</delete>
	<select id="count" resultType="int">
       select count(*)
       from qna
   </select>
   <select id="qnapage" parameterType="hashmap" resultType="kr.co.dong.DTO.QnaDTO">
      select qa_no,qa_title,qa_content,qa_todaydate,qa_etc,user_id from qna
      order by qa_no desc
      limit #{displayPost}, #{postNum}
   </select>
	</mapper>