<?xml version="1.0" encoding="UTF-8"?>
<!DOCTYPE mapper
  PUBLIC "-//mybatis.org//DTD Mapper 3.0//EN"
  "https://mybatis.org/dtd/mybatis-3-mapper.dtd">
<mapper namespace="kr.co.dong.userMapper"> <!-- namespace로 접근함 -->
<!-- 이메일 로그인 -->
	<select id="login" parameterType="UserDTO" resultType="UserDTO">
		select *
		from user
		where user_id=#{user_id} and user_password=#{user_password}
		and user_intype='email' and user_outdatetime is null
	</select>
	
	<!-- 가입경로 검사 -->
	<select id="searchUser" parameterType="UserDTO" resultType="UserDTO">
		select * from user 
		where user_id = #{user_id } and user_intype = #{user_intype} and user_outdatetime is null
	</select>

<!-- 이메일 중복확인 -->
	<select id="emailCheck" parameterType="UserDTO" resultType="UserDTO">
		select * from user 
		where user_id = #{user_id } and user_outdatetime is null
	</select>
	
<!-- 닉네임 중복확인 -->
	<select id="nickCheck" parameterType="UserDTO" resultType="UserDTO">
		select * from user 
		where user_nick = #{user_nick } and user_outdatetime is null
	</select>
	
<!-- 핸드폰 번호 중복확인 -->
	<select id="phoneCheck" parameterType="UserDTO" resultType="UserDTO">
		select * from user 
		where user_phone = #{user_phone } and user_outdatetime is null
	</select>

<!-- 회원가입 -->
	<insert id="signup" parameterType="UserDTO">
		insert into user(user_id, user_password, user_name, user_nick, user_phone, user_intype, user_indatetime, user_admin)
		values (#{user_id}, #{user_password}, #{user_name}, #{user_nick}, #{user_phone}, #{user_intype}, now(), 0)
	</insert>
	


</mapper>